{
  "baseline_logistic_regression": {
    "auc_roc": 0.7203790023155079,
    "precision": 0.5669301712779974,
    "recall": 0.08011245159368484,
    "f1": 0.14038693680467196
  },
  "lightgbm": {
    "auc_roc": 0.734398984386385,
    "precision": 0.5832482124616956,
    "recall": 0.10630771522192434,
    "f1": 0.17983685553210924,
    "confusion_matrix": [
      [
        211270,
        4080
      ],
      [
        48002,
        5710
      ]
    ],
    "roc_curve": {
      "fpr": [
        0.0,
        0.002358950545623404,
        0.005302995124216392,
        0.008344555374970978,
        0.01149756210819596,
        0.014905967030415603,
        0.01816113303923845,
        0.02166705363361969,
        0.02523798467610866,
        0.02909681913164616,
        0.032895286742512186,
        0.03711632226607848,
        0.04108660320408637,
        0.045205479452054796,
        0.049394009751567214,
        0.053610401671697235,
        0.05804968655676805,
        0.0624146737868586,
        0.06702577199907128,
        0.0714232644532157,
        0.07575110285581611,
        0.08018574413745067,
        0.08478291153935454,
        0.08982122126770374,
        0.09512885999535639,
        0.10024611098212213,
        0.10526584629672626,
        0.11015556071511493,
        0.11565823078709078,
        0.12151381472022289,
        0.12721151613652193,
        0.132421639192013,
        0.13812398421174832,
        0.14380775481773855,
        0.15015556071511493,
        0.15595542140701185,
        0.16158811237520315,
        0.16792198746227072,
        0.17423264453215695,
        0.18027397260273972,
        0.1865753424657534,
        0.19342465753424656,
        0.1996935221732064,
        0.20604597167401903,
        0.2124773624332482,
        0.21942419317390294,
        0.22677966101694916,
        0.23398653355003482,
        0.24162061759925701,
        0.24913396795913628,
        0.2568330624564662,
        0.2647225446946831,
        0.2723241235198514,
        0.28036684467146505,
        0.2880566519619224,
        0.2960297190619921,
        0.30462967262595775,
        0.3130903180868354,
        0.32172742047829117,
        0.3307778035755746,
        0.3397956814488043,
        0.34834919897840727,
        0.3578871604364987,
        0.36662177850011607,
        0.3753935453912236,
        0.3843974924541444,
        0.3940051079637799,
        0.4041235198514047,
        0.41475737172045507,
        0.424703970280938,
        0.4338472254469468,
        0.44461574181564895,
        0.45573252844207107,
        0.4661992105874158,
        0.4773810076619457,
        0.4883956350127699,
        0.5002182493615045,
        0.5116136521941026,
        0.5245785929881588,
        0.5381750638495473,
        0.5498026468539586,
        0.5628511725098676,
        0.5765126538193638,
        0.5898351520780125,
        0.6046157418156489,
        0.6192477362433249,
        0.6341537032737404,
        0.6497887160436498,
        0.6662502902252148,
        0.6864638959832831,
        0.7050336661249129,
        0.7243510564197817,
        0.7456605525888089,
        0.7682795449268632,
        0.7919944276758765,
        0.8210448107731599,
        0.8498165776642674,
        0.8838449036452287,
        0.9278848386347806,
        1.0
      ],
      "tpr": [
        0.0,
        0.021447721179624665,
        0.03980488531426869,
        0.057082216264521896,
        0.07307491808162049,
        0.0888814417634793,
        0.10362675007447125,
        0.11742254989574025,
        0.13119973190348524,
        0.1445673220137027,
        0.1578976764968722,
        0.17119079535299375,
        0.18368334822758414,
        0.19593386952636282,
        0.20840780458742925,
        0.22063970807268393,
        0.2326295799821269,
        0.24461945189156986,
        0.2561624962764373,
        0.26761245159368485,
        0.27926720285969614,
        0.29075439380399165,
        0.30224158474828716,
        0.31303991659219543,
        0.32383824843610365,
        0.33515787905868333,
        0.34575141495382783,
        0.3565497467977361,
        0.367645963658028,
        0.37835120643431636,
        0.3890378313970807,
        0.39940795352993747,
        0.4095732797140304,
        0.420036490914507,
        0.4307975871313673,
        0.4408884420613643,
        0.4505883229073578,
        0.46069779565087876,
        0.47078865058087577,
        0.48007893952934166,
        0.49026288352695857,
        0.4998138218647602,
        0.5098488233541852,
        0.5196790288948466,
        0.529360291927316,
        0.5387622877569258,
        0.5483690795352993,
        0.5576407506702413,
        0.5669310396187072,
        0.5768170985999405,
        0.586368036937742,
        0.595546619005064,
        0.6043900804289544,
        0.6137176050044683,
        0.6230265117664582,
        0.632316800714924,
        0.64151400059577,
        0.6503388442061364,
        0.6594057193923145,
        0.6685656836461126,
        0.6780607685433423,
        0.6870345546619006,
        0.6959711051534108,
        0.7048518022043492,
        0.7135463211200477,
        0.7220360440869824,
        0.7308050342567769,
        0.7395740244265714,
        0.7482499255287459,
        0.7565907059874888,
        0.7653969317843312,
        0.7738121834971701,
        0.7822274352100089,
        0.7909405719392315,
        0.7994675305332142,
        0.8076593684837653,
        0.816186327077748,
        0.8246760500446828,
        0.8331471551980936,
        0.8414134644027406,
        0.8496611557938636,
        0.8581322609472744,
        0.8662123920166815,
        0.8744414655942806,
        0.8826705391718797,
        0.8907506702412868,
        0.898830801310694,
        0.9070784927018171,
        0.9151958593982723,
        0.9230898123324397,
        0.9309837652666071,
        0.9387473935061067,
        0.9464551683050343,
        0.9539581471551981,
        0.9618893357164134,
        0.969671581769437,
        0.9773048853142687,
        0.9849381888591003,
        0.992571492403932,
        1.0
      ]
    }
  }
}